<?xml version="1.0" encoding="UTF-8"?>
<project xmlns="http://maven.apache.org/POM/4.0.0"
	xsi:schemaLocation="http://maven.apache.org/POM/4.0.0 http://maven.apache.org/xsd/maven-4.0.0.xsd"
	xmlns:xsi="http://www.w3.org/2001/XMLSchema-instance">
	<modelVersion>4.0.0</modelVersion>
	<groupId>edu.ncsu.csc</groupId>
	<artifactId>iTrust2</artifactId>
	<version>1.0.0</version>
	<packaging>war</packaging>
	<name>iTrust2</name>
	<organization>
		<name>NCSU Computer Science Department</name>
		<url>https://www.csc.ncsu.edu/</url>
	</organization>
	<licenses>
		<license>
			<name>The Apache Software License, Version 2.0</name>
			<url>http://www.apache.org/licenses/LICENSE-2.0.txt</url>
			<distribution>repo</distribution>
		</license>
	</licenses>
	<properties>
		<m2eclipse.wtp.contextRoot>/iTrust2</m2eclipse.wtp.contextRoot>
		<java.version>1.8</java.version>
		<maven.compiler.version>3.7.0</maven.compiler.version>
	</properties>

	<repositories>
		<repository>
			<id>jitpack.io</id>
			<url>https://jitpack.io</url>
		</repository>
	</repositories>

	<dependencyManagement>
		<dependencies>
			<dependency>
				<groupId>org.springframework</groupId>
				<artifactId>spring-framework-bom</artifactId>
				<version>4.3.5.RELEASE</version>
				<type>pom</type>
				<scope>import</scope>
			</dependency>
		</dependencies>
	</dependencyManagement>
	<dependencies>

		<!-- Java EE stuff for Java 9+ -->
		<dependency>
			<groupId>javax.xml.bind</groupId>
			<artifactId>jaxb-api</artifactId>
			<version>2.2.11</version>
		</dependency>
		<dependency>
			<groupId>com.sun.xml.bind</groupId>
			<artifactId>jaxb-core</artifactId>
			<version>2.2.11</version>
		</dependency>
		<dependency>
			<groupId>com.sun.xml.bind</groupId>
			<artifactId>jaxb-impl</artifactId>
			<version>2.2.11</version>
		</dependency>
		<dependency>
			<groupId>javax.activation</groupId>
			<artifactId>activation</artifactId>
			<version>1.1.1</version>
		</dependency>
		<!-- End Java EE -->

		<dependency>
			<groupId>org.seleniumhq.selenium</groupId>
			<artifactId>selenium-java</artifactId>
			<version>3.11.0</version>
		</dependency>

		<dependency>
			<groupId>com.paulhammant</groupId>
			<artifactId>ngwebdriver</artifactId>
			<version>1.0</version>
		</dependency>

		<dependency>
			<groupId>org.seleniumhq.selenium</groupId>
			<artifactId>selenium-remote-driver</artifactId>
			<version>3.6.0</version>
		</dependency>

		<dependency>
			<groupId>org.seleniumhq.selenium</groupId>
			<artifactId>selenium-htmlunit-driver</artifactId>
			<version>2.52.0</version>
		</dependency>

		<dependency>
			<groupId>javax.servlet.jsp.jstl</groupId>
			<artifactId>javax.servlet.jsp.jstl-api</artifactId>
			<version>1.2.1</version>
			<scope>compile</scope>
		</dependency>
		<dependency>
			<groupId>javax.validation</groupId>
			<artifactId>validation-api</artifactId>
			<version>1.1.0.Final</version>
			<scope>compile</scope>
		</dependency>
		<dependency>
			<groupId>org.hibernate</groupId>
			<artifactId>hibernate-validator</artifactId>
			<version>5.4.1.Final</version>
			<scope>compile</scope>
		</dependency>
		<dependency>
			<groupId>org.slf4j</groupId>
			<artifactId>jcl-over-slf4j</artifactId>
			<version>1.7.7</version>
			<scope>compile</scope>
		</dependency>
		<dependency>
			<groupId>org.slf4j</groupId>
			<artifactId>jul-to-slf4j</artifactId>
			<version>1.7.7</version>
			<scope>compile</scope>
		</dependency>
		<dependency>
			<groupId>org.slf4j</groupId>
			<artifactId>log4j-over-slf4j</artifactId>
			<version>1.7.7</version>
			<scope>compile</scope>
		</dependency>
		<dependency>
			<groupId>org.slf4j</groupId>
			<artifactId>slf4j-api</artifactId>
			<version>1.7.7</version>
			<scope>compile</scope>
		</dependency>
		<dependency>
			<groupId>org.springframework.security</groupId>
			<artifactId>spring-security-config</artifactId>
			<version>4.2.2.RELEASE</version>
			<scope>compile</scope>
		</dependency>
		<dependency>
			<groupId>org.springframework.security</groupId>
			<artifactId>spring-security-core</artifactId>
			<version>4.2.2.RELEASE</version>
			<scope>compile</scope>
		</dependency>
		<dependency>
			<groupId>org.springframework.security</groupId>
			<artifactId>spring-security-web</artifactId>
			<version>4.2.2.RELEASE</version>
			<scope>compile</scope>
		</dependency>
		<dependency>
			<groupId>org.springframework</groupId>
			<artifactId>spring-jdbc</artifactId>
		</dependency>
		<dependency>
			<groupId>javax.el</groupId>
			<artifactId>javax.el-api</artifactId>
			<version>2.2.4</version>
		</dependency>
		<dependency>
			<groupId>org.glassfish</groupId>
			<artifactId>javax.el</artifactId>
			<version>3.0.1-b08</version>
		</dependency>
		<dependency>
			<groupId>org.springframework</groupId>
			<artifactId>spring-webmvc</artifactId>
		</dependency>
		<dependency>
			<groupId>commons-logging</groupId>
			<artifactId>commons-logging</artifactId>
			<version>1.2</version>
			<scope>compile</scope>
			<optional>true</optional>
		</dependency>
		<dependency>
			<groupId>javax.servlet.jsp</groupId>
			<artifactId>jsp-api</artifactId>
			<version>2.1</version>
			<scope>provided</scope>
		</dependency>
		<dependency>
			<groupId>javax.servlet</groupId>
			<artifactId>javax.servlet-api</artifactId>
			<version>3.0.1</version>
			<scope>provided</scope>
		</dependency>
		<dependency>
			<groupId>cglib</groupId>
			<artifactId>cglib-nodep</artifactId>
			<version>3.1</version>
			<scope>runtime</scope>
		</dependency>
		<dependency>
			<groupId>ch.qos.logback</groupId>
			<artifactId>logback-classic</artifactId>
			<version>1.1.2</version>
			<scope>runtime</scope>
		</dependency>
		<dependency>
			<groupId>opensymphony</groupId>
			<artifactId>sitemesh</artifactId>
			<version>2.4.2</version>
			<scope>runtime</scope>
		</dependency>
		<dependency>
			<groupId>junit</groupId>
			<artifactId>junit</artifactId>
			<version>4.12</version>
			<scope>test</scope>
		</dependency>
		<dependency>
			<groupId>org.assertj</groupId>
			<artifactId>assertj-core</artifactId>
			<version>2.2.0</version>
			<scope>test</scope>
		</dependency>
		<dependency>
			<groupId>org.mockito</groupId>
			<artifactId>mockito-core</artifactId>
			<version>1.10.19</version>
			<scope>test</scope>
		</dependency>
		<dependency>
			<groupId>org.springframework.security</groupId>
			<artifactId>spring-security-test</artifactId>
			<version>4.2.2.RELEASE</version>
			<scope>test</scope>
		</dependency>
		<dependency>
			<groupId>org.springframework</groupId>
			<artifactId>spring-test</artifactId>
			<scope>test</scope>
		</dependency>
		<dependency>
			<groupId>mysql</groupId>
			<artifactId>mysql-connector-java</artifactId>
			<version>8.0.11</version>
		</dependency>
		<dependency>
			<groupId>org.springframework</groupId>
			<artifactId>spring-orm</artifactId>
		</dependency>
		<dependency>
			<groupId>org.springframework.data</groupId>
			<artifactId>spring-data-jpa</artifactId>
			<version>1.10.2.RELEASE</version>
		</dependency>

		<!-- Thymeleaf -->
		<dependency>
			<groupId>org.thymeleaf</groupId>
			<artifactId>thymeleaf</artifactId>
			<version>3.0.0.RELEASE</version>
		</dependency>
		<dependency>
			<groupId>org.thymeleaf</groupId>
			<artifactId>thymeleaf-spring4</artifactId>
			<version>3.0.2.RELEASE</version>
		</dependency>
		<dependency>
			<groupId>org.thymeleaf.extras</groupId>
			<artifactId>thymeleaf-extras-tiles2-spring4</artifactId>
			<version>2.1.1.RELEASE</version>
		</dependency>

		<dependency>
			<groupId>org.hibernate</groupId>
			<artifactId>hibernate-entitymanager</artifactId>
			<version>5.0.11.Final</version>
		</dependency>



		<dependency>
			<groupId>io.github.bonigarcia</groupId>
			<artifactId>webdrivermanager</artifactId>
			<version>1.7.2</version>
		</dependency>
		<dependency>
			<groupId>xml-apis</groupId>
			<artifactId>xml-apis</artifactId>
			<version>1.4.01</version>
		</dependency>
		<dependency>
			<groupId>info.cukes</groupId>
			<artifactId>cucumber-core</artifactId>
			<version>1.2.4</version>
		</dependency>
		<dependency>
			<groupId>info.cukes</groupId>
			<artifactId>cucumber-html</artifactId>
			<version>0.2.3</version>
		</dependency>
		<dependency>
			<groupId>info.cukes</groupId>
			<artifactId>cucumber-java</artifactId>
			<version>1.2.4</version>
		</dependency>
		<dependency>
			<groupId>info.cukes</groupId>
			<artifactId>cucumber-jvm-deps</artifactId>
			<version>1.0.5</version>
		</dependency>
		<dependency>
			<groupId>info.cukes</groupId>
			<artifactId>cucumber-picocontainer</artifactId>
			<version>1.2.4</version>
		</dependency>
		<dependency>
			<groupId>info.cukes</groupId>
			<artifactId>cucumber-junit</artifactId>
			<version>1.2.4</version>
		</dependency>

		<!-- Webflow -->
		<dependency>
			<groupId>org.springframework.webflow</groupId>
			<artifactId>spring-binding</artifactId>
			<version>2.4.4.RELEASE</version>
		</dependency>
		<dependency>
			<groupId>org.springframework.webflow</groupId>
			<artifactId>spring-webflow</artifactId>
			<version>2.4.4.RELEASE</version>
		</dependency>
		<dependency>
			<groupId>org.springframework.webflow</groupId>
			<artifactId>spring-js</artifactId>
			<version>2.4.4.RELEASE</version>
		</dependency>
		<dependency>
			<groupId>com.google.code.gson</groupId>
			<artifactId>gson</artifactId>
			<version>2.8.0</version>
		</dependency>
		<dependency>
			<groupId>org.hamcrest</groupId>
			<artifactId>hamcrest-core</artifactId>
			<version>1.3</version>
		</dependency>
		<dependency>
			<groupId>org.hamcrest</groupId>
			<artifactId>hamcrest-library</artifactId>
			<version>1.3</version>
		</dependency>

		<dependency>
			<groupId>com.jayway.jsonpath</groupId>
			<artifactId>json-path-assert</artifactId>
			<version>2.2.0</version>
			<scope>test</scope>
			<exclusions>
				<exclusion>
					<groupId>org.hamcrest</groupId>
					<artifactId>hamcrest-core</artifactId>
				</exclusion>

			</exclusions>
		</dependency>


		<dependency>
			<groupId>org.springframework.session</groupId>
			<artifactId>spring-session</artifactId>
			<version>1.2.1.RELEASE</version>
		</dependency>


		<dependency>
			<groupId>javax.mail</groupId>
			<artifactId>mail</artifactId>
			<version>1.4.7</version>
		</dependency>

		<dependency>
			<groupId>javax.mail</groupId>
			<artifactId>javax.mail-api</artifactId>
			<version>1.5.5</version>
		</dependency>


	</dependencies>


	<build>
		<finalName>iTrust2</finalName>
		<sourceDirectory>src/main/java</sourceDirectory>
		<testSourceDirectory>src/test/java</testSourceDirectory>
		<resources>
			<resource>
				<directory>src/main/resources</directory>
			</resource>
		</resources>
		<plugins>
			<plugin>
				<groupId>org.apache.maven.plugins</groupId>
				<artifactId>maven-compiler-plugin</artifactId>
				<version>${maven.compiler.version}</version>
				<configuration>
					<source>${java.version}</source>
					<target>${java.version}</target>
				</configuration>
			</plugin>
			<plugin>
				<groupId>org.codehaus.mojo</groupId>
				<artifactId>exec-maven-plugin</artifactId>
				<version>1.4.0</version>
				<executions>
					<execution>
						<id>GenerateTestData</id>
						<phase>process-test-classes</phase>
						<goals>
							<goal>java</goal>
						</goals>
						<configuration>
							<classpathScope>test</classpathScope>
							<mainClass>edu.ncsu.csc.itrust2.utils.HibernateDataGenerator</mainClass>
							<cleanupDaemonThreads>false</cleanupDaemonThreads>
						</configuration>
					</execution>
				</executions>
			</plugin>
		</plugins>
	</build>
	<reporting>
		<plugins>
			<plugin>
				<groupId>org.apache.maven.plugins</groupId>
				<artifactId>maven-checkstyle-plugin</artifactId>
				<version>2.17</version>
			</plugin>
		</plugins>
	</reporting>
	<profiles>
		<profile>
			<id>Eclipse</id>
			<activation>
				<property>
					<name>m2e.version</name>
				</property>
			</activation>
			<build>
				<pluginManagement>
					<plugins>
						<plugin>
							<groupId>org.eclipse.m2e</groupId>
							<artifactId>lifecycle-mapping</artifactId>
							<version>1.0.0</version>
							<configuration>
								<lifecycleMappingMetadata>
									<pluginExecutions>
										<pluginExecution>
											<pluginExecutionFilter>
												<groupId>org.codehaus.mojo</groupId>
												<artifactId>exec-maven-plugin</artifactId>
												<versionRange>[1.0.0,)</versionRange>
												<goals>

													<goal>java</goal>
												</goals>
											</pluginExecutionFilter>
											<action>
												<ignore />
											</action>
										</pluginExecution>
									</pluginExecutions>
								</lifecycleMappingMetadata>
							</configuration>
						</plugin>
					</plugins>
				</pluginManagement>
			</build>
		</profile>
	</profiles>
	<description>iTrust2 v0</description>
</project>

